{"splines": [{"start": 31, "edges": [[31, 33], [16, 33], [0, 16], [42, 0], [6, 42], [20, 6], [60, 20], [32, 60], [28, 32], [1, 28]]}], "cables": [{"start": 7, "edges": [[7, 56], [41, 56], [41, 3], [9, 3], [9, 11], [44, 11], [44, 54], [58, 54], [58, 1]]}, {"start": 59, "edges": [[8, 59], [37, 8], [40, 37], [22, 40], [57, 22], [47, 57], [34, 47], [53, 34], [1, 53]]}], "network": {"dtype": "compas_bender.datastructures/BendNetwork", "value": {"node": {"60": {"y": 6.0, "z": 2.4194813396265342, "x": 5.0}, "21": {"y": 4.0, "z": 0.0, "x": 6.0}, "36": {"y": 6.0, "z": 0.0, "x": 3.0}, "52": {"y": 2.0, "z": 0.0, "x": 3.0, "is_anchor": true}, "10": {"y": 6.0, "z": 0.0, "x": 6.0}, "14": {"y": 6.0, "z": 0.0, "x": 4.0}, "13": {"y": 2.0, "z": 0.0, "x": 4.0}, "57": {"y": 7.0, "z": 0.0, "x": 3.0}, "61": {"y": 3.0, "z": 0.0, "x": 7.0}, "31": {"y": -0.75454596305365129, "z": -1.2401961756624613, "x": 5.0, "is_anchor": true}, "45": {"y": 5.0, "z": 0.0, "x": 8.0}, "3": {"y": 6.0, "z": 0.0, "x": 8.0}, "1": {"y": 9.0, "z": 1.0523431780746408, "x": 5.0}, "35": {"y": 5.0, "z": 0.0, "x": 4.0}, "9": {"y": 7.0, "z": 0.0, "x": 8.0}, "30": {"y": 4.0, "z": 0.0, "x": 9.0, "is_anchor": true}, "22": {"y": 7.0, "z": 0.0, "x": 2.0}, "20": {"y": 5.0, "z": 2.5000000000000018, "x": 5.0}, "23": {"y": 2.0, "z": 0.0, "x": 7.0, "is_anchor": true}, "44": {"y": 8.0, "z": 0.0, "x": 7.0}, "49": {"y": 7.0, "z": 0.0, "x": 6.0}, "24": {"y": 4.0, "z": 0.0, "x": 1.0, "is_anchor": true}, "51": {"y": 5.0, "z": 0.0, "x": 7.0}, "16": {"y": 1.0, "z": 1.0523431780746375, "x": 5.0}, "29": {"y": 1.0, "z": 0.0, "x": 6.0, "is_anchor": true}, "33": {"y": 0.0, "z": 0.0, "x": 5.0, "is_anchor": true}, "7": {"y": 5.0, "z": 0.0, "x": 10.0, "is_anchor": true}, "18": {"y": 3.0, "z": 0.0, "x": 4.0}, "58": {"y": 9.0, "z": 0.0, "x": 6.0}, "17": {"y": 10.0, "z": 0.0, "x": 5.0, "is_anchor": true}, "34": {"y": 8.0, "z": 0.0, "x": 4.0}, "42": {"y": 3.0, "z": 2.1713596411635065, "x": 5.0}, "43": {"y": 3.0, "z": 0.0, "x": 2.0, "is_anchor": true}, "48": {"y": 3.0, "z": 0.0, "x": 6.0}, "25": {"y": 5.0, "z": 0.0, "x": 6.0}, "55": {"y": 3.0, "z": 0.0, "x": 8.0, "is_anchor": true}, "6": {"y": 4.0, "z": 2.4194813396270947, "x": 5.0}, "32": {"y": 7.0, "z": 2.1713596411635434, "x": 5.0}, "46": {"y": 4.0, "z": 0.0, "x": 4.0}, "41": {"y": 6.0, "z": 0.0, "x": 9.0}, "28": {"y": 8.0, "z": 1.7329280498837731, "x": 5.0}, "54": {"y": 8.0, "z": 0.0, "x": 6.0}, "38": {"y": 3.0, "z": 0.0, "x": 3.0}, "19": {"y": 5.0, "z": 0.0, "x": 2.0}, "37": {"y": 6.0, "z": 0.0, "x": 1.0}, "4": {"y": 5.0, "z": 0.0, "x": 3.0}, "40": {"y": 6.0, "z": 0.0, "x": 2.0}, "12": {"y": 4.0, "z": 0.0, "x": 3.0}, "39": {"y": 4.0, "z": 0.0, "x": 2.0}, "2": {"y": 6.0, "z": 0.0, "x": 7.0}, "50": {"y": 1.0, "z": 0.0, "x": 4.0, "is_anchor": true}, "27": {"y": 7.0, "z": 0.0, "x": 4.0}, "5": {"y": 4.0, "z": 0.0, "x": 8.0}, "0": {"y": 2.0000000000000009, "z": 1.7329280498653288, "x": 5.0}, "8": {"y": 5.0, "z": 0.0, "x": 1.0}, "59": {"y": 5.0, "z": 0.0, "x": 0.0, "is_anchor": true}, "47": {"y": 8.0, "z": 0.0, "x": 3.0}, "53": {"y": 9.0, "z": 0.0, "x": 4.0}, "56": {"y": 5.0, "z": 0.0, "x": 9.0}, "11": {"y": 7.0, "z": 0.0, "x": 7.0}, "26": {"y": 4.0, "z": 0.0, "x": 7.0}, "15": {"y": 2.0, "z": 0.0, "x": 6.0}}, "adjacency": {"60": {"10": null, "14": null, "32": null, "20": null}, "21": {"6": null, "48": null, "26": null, "25": null}, "36": {"14": null, "57": null, "40": null, "4": null}, "52": {"38": null, "13": null}, "10": {"2": null, "60": null, "25": null, "49": null}, "14": {"35": null, "60": null, "27": null, "36": null}, "13": {"50": null, "0": null, "18": null, "52": null}, "57": {"47": null, "22": null, "27": null, "36": null}, "61": {"23": null, "48": null, "26": null, "55": null}, "31": {"33": null}, "45": {"3": null, "51": null, "56": null, "5": null}, "3": {"2": null, "45": null, "9": null, "41": null}, "1": {"58": null, "17": null, "28": null, "53": null}, "35": {"14": null, "46": null, "20": null, "4": null}, "9": {"3": null, "11": null}, "30": {"56": null, "5": null}, "22": {"40": null, "57": null}, "20": {"35": null, "60": null, "6": null, "25": null}, "23": {"15": null, "61": null}, "44": {"11": null, "54": null}, "49": {"10": null, "32": null, "11": null, "54": null}, "24": {"8": null, "39": null}, "51": {"2": null, "45": null, "26": null, "25": null}, "16": {"29": null, "50": null, "0": null, "33": null}, "29": {"15": null, "16": null}, "33": {"16": null, "31": null}, "7": {"56": null}, "18": {"38": null, "46": null, "13": null, "42": null}, "58": {"1": null, "54": null}, "17": {"1": null}, "34": {"47": null, "27": null, "53": null, "28": null}, "42": {"6": null, "48": null, "0": null, "18": null}, "43": {"38": null, "39": null}, "48": {"61": null, "42": null, "15": null, "21": null}, "25": {"10": null, "51": null, "21": null, "20": null}, "55": {"61": null, "5": null}, "6": {"46": null, "20": null, "21": null, "42": null}, "32": {"60": null, "27": null, "49": null, "28": null}, "46": {"35": null, "6": null, "18": null, "12": null}, "41": {"3": null, "56": null}, "28": {"1": null, "32": null, "54": null, "34": null}, "54": {"44": null, "58": null, "49": null, "28": null}, "38": {"12": null, "43": null, "52": null, "18": null}, "19": {"40": null, "8": null, "39": null, "4": null}, "37": {"40": null, "8": null}, "4": {"35": null, "19": null, "36": null, "12": null}, "40": {"22": null, "19": null, "36": null, "37": null}, "12": {"38": null, "46": null, "39": null, "4": null}, "39": {"24": null, "19": null, "43": null, "12": null}, "2": {"10": null, "3": null, "11": null, "51": null}, "50": {"13": null, "16": null}, "27": {"14": null, "57": null, "32": null, "34": null}, "5": {"30": null, "45": null, "26": null, "55": null}, "0": {"13": null, "42": null, "15": null, "16": null}, "8": {"24": null, "19": null, "59": null, "37": null}, "59": {"8": null}, "47": {"57": null, "34": null}, "53": {"1": null, "34": null}, "56": {"30": null, "45": null, "41": null, "7": null}, "11": {"2": null, "44": null, "9": null, "49": null}, "26": {"51": null, "21": null, "61": null, "5": null}, "15": {"29": null, "23": null, "0": null, "48": null}}, "max_node": 61, "dna": {"px": 0.0, "mx": 0.0, "sz": 0.0, "py": 0.0, "rx": 0.0, "is_anchor": false, "sy": 0.0, "pz": 0.0, "mz": 0.0, "my": 0.0, "sx": 0.0, "z": 0.0, "ry": 0.0, "y": 0.0, "rz": 0.0, "x": 0.0}, "edge": {"60": {"14": {}, "20": {}}, "21": {"6": {}, "48": {}}, "36": {"40": {}, "4": {}}, "52": {}, "10": {"60": {}, "25": {}}, "14": {"35": {}, "36": {}}, "13": {"50": {}, "52": {}}, "57": {"22": {}, "36": {}}, "61": {"23": {}, "48": {}}, "31": {"33": {}}, "45": {"51": {}, "5": {}}, "3": {"2": {}, "45": {}}, "1": {"53": {}, "28": {}}, "35": {"46": {}, "4": {}}, "9": {"3": {}, "11": {}}, "30": {"5": {}}, "22": {"40": {}}, "20": {"35": {}, "6": {}}, "23": {"15": {}}, "44": {"11": {}, "54": {}}, "49": {"10": {}, "32": {}}, "24": {}, "51": {"26": {}, "25": {}}, "16": {"50": {}, "33": {}}, "29": {"16": {}}, "33": {}, "7": {"56": {}}, "18": {"38": {}, "13": {}}, "58": {"1": {}, "54": {}}, "17": {"1": {}}, "34": {"47": {}, "27": {}}, "42": {"0": {}, "18": {}}, "43": {}, "48": {"42": {}, "15": {}}, "25": {"20": {}, "21": {}}, "55": {"61": {}}, "6": {"46": {}, "42": {}}, "32": {"60": {}, "27": {}}, "46": {"18": {}, "12": {}}, "41": {"3": {}, "56": {}}, "28": {"32": {}, "34": {}}, "54": {"49": {}, "28": {}}, "38": {"43": {}, "52": {}}, "19": {"8": {}, "39": {}}, "37": {"8": {}}, "4": {"19": {}, "12": {}}, "40": {"19": {}, "37": {}}, "12": {"38": {}, "39": {}}, "39": {"24": {}, "43": {}}, "2": {"10": {}, "51": {}}, "50": {}, "27": {"14": {}, "57": {}}, "5": {"26": {}, "55": {}}, "0": {"13": {}, "16": {}}, "8": {"24": {}, "59": {}}, "59": {}, "47": {"57": {}}, "53": {"34": {}}, "56": {"30": {}, "45": {}}, "11": {"2": {}, "49": {}}, "26": {"21": {}, "61": {}}, "15": {"29": {}, "0": {}}}, "attributes": {"name": "Network"}, "dea": {"lpre": 0.0, "l": 0.0, "f": 0.0, "q": 0.0, "radius": 0.0, "fpre": 0.0, "qpre": 1.0, "thickness": 0.0, "linit": 0.0,